Borough,Date,Neighborhood,Test Positive Rate,Total Positive Cases,Total Tested Cases,ZIPCODE,zcta_cum.perc_pos
Manhattan,2020-04-01,Chelsea and Clinton,0.426415094,113,265,10001,
Manhattan,2020-04-01,Lower East Side,0.461254613,250,542,10002,
Manhattan,2020-04-01,Lower East Side,0.424802111,161,379,10003,
Manhattan,2020-04-01,Lower Manhattan,0.421052632,16,38,10004,
Manhattan,2020-04-01,Lower Manhattan,0.308641975,25,81,10005,
Manhattan,2020-04-01,Lower Manhattan,0.25,6,24,10006,
Manhattan,2020-04-01,Lower Manhattan,0.388059701,26,67,10007,
Manhattan,2020-04-01,Lower East Side,0.402222222,181,450,10009,
Manhattan,2020-04-01,Gramercy Park and Murray Hill,0.358156028,101,282,10010,
Manhattan,2020-04-01,Chelsea and Clinton,0.455852156,222,487,10011,
Manhattan,2020-04-01,Greenwich Village and Soho,0.371584699,68,183,10012,
Manhattan,2020-04-01,Greenwich Village and Soho,0.478431373,122,255,10013,
Manhattan,2020-04-01,Greenwich Village and Soho,0.459016393,140,305,10014,
Manhattan,2020-04-01,Gramercy Park and Murray Hill,0.495697074,288,581,10016,
Manhattan,2020-04-01,Gramercy Park and Murray Hill,0.326086957,45,138,10017,
Manhattan,2020-04-01,Chelsea and Clinton,0.437086093,66,151,10018,
Manhattan,2020-04-01,Chelsea and Clinton,0.414634146,187,451,10019,
Manhattan,2020-04-01,Upper East Side,0.37544484,211,562,10021,
Manhattan,2020-04-01,Gramercy Park and Murray Hill,0.362831858,123,339,10022,
Manhattan,2020-04-01,Upper West Side,0.377733598,190,503,10023,
Manhattan,2020-04-01,Upper West Side,0.31825273,204,641,10024,
Manhattan,2020-04-01,Upper West Side,0.334217507,252,754,10025,
Manhattan,2020-04-01,Central Harlem,0.42,126,300,10026,
Manhattan,2020-04-01,Central Harlem,0.402843602,170,422,10027,
Manhattan,2020-04-01,Upper East Side,0.397058824,189,476,10028,
Manhattan,2020-04-01,East Harlem,0.434131737,290,668,10029,
Manhattan,2020-04-01,Central Harlem,0.519607843,106,204,10030,
Manhattan,2020-04-01,Inwood and Washington Heights,0.535802469,217,405,10031,
Manhattan,2020-04-01,Inwood and Washington Heights,0.562043796,308,548,10032,
Manhattan,2020-04-01,Inwood and Washington Heights,0.533333333,264,495,10033,
Manhattan,2020-04-01,Inwood and Washington Heights,0.41221374,108,262,10034,
Manhattan,2020-04-01,East Harlem,0.426086957,147,345,10035,
Manhattan,2020-04-01,Chelsea and Clinton,0.421818182,116,275,10036,
Manhattan,2020-04-01,Central Harlem,0.534313725,109,204,10037,
Manhattan,2020-04-01,Lower Manhattan,0.45508982,76,167,10038,
Manhattan,2020-04-01,Central Harlem,0.513274336,116,226,10039,
Manhattan,2020-04-01,Inwood and Washington Heights,0.5842696629999999,208,356,10040,
Manhattan,2020-04-01,Upper East Side,0.422413793,49,116,10044,
Manhattan,2020-04-01,Upper East Side,0.314285714,121,385,10065,
Manhattan,2020-04-01,Upper East Side,0.431266846,160,371,10075,
Manhattan,2020-04-01,Upper East Side,0.355704698,212,596,10128,
Manhattan,2020-04-01,Lower Manhattan,0.34,17,50,10280,
Staten Islan,2020-04-01,Stapleton and St. George,0.525525526,175,333,10301,
Staten Islan,2020-04-01,Port Richmond,0.445255474,61,137,10302,
Staten Islan,2020-04-01,Port Richmond,0.479638009,106,221,10303,
Staten Islan,2020-04-01,Stapleton and St. George,0.535185185,289,540,10304,
Staten Islan,2020-04-01,Stapleton and St. George,0.41588785,178,428,10305,
Staten Islan,2020-04-01,South Shore,0.439873418,278,632,10306,
Staten Islan,2020-04-01,South Shore,0.471830986,67,142,10307,
Staten Islan,2020-04-01,South Shore,0.441087613,146,331,10308,
Staten Islan,2020-04-01,South Shore,0.468319559,170,363,10309,
Staten Islan,2020-04-01,Port Richmond,0.444954128,97,218,10310,
Staten Islan,2020-04-01,South Shore,0.513761468,336,654,10312,
Staten Islan,2020-04-01,Mid-Island,0.471324296,452,959,10314,
Bronx,2020-04-01,High Bridge and Morrisania,0.576068376,337,585,10451,
Bronx,2020-04-01,High Bridge and Morrisania,0.5834658189999999,367,629,10452,
Bronx,2020-04-01,Central Bronx,0.582202112,386,663,10453,
Bronx,2020-04-01,Hunts Point and Mott Haven,0.50728863,174,343,10454,
Bronx,2020-04-01,Hunts Point and Mott Haven,0.501424501,176,351,10455,
Bronx,2020-04-01,High Bridge and Morrisania,0.512265512,355,693,10456,
Bronx,2020-04-01,Central Bronx,0.535901926,306,571,10457,
Bronx,2020-04-01,Bronx Park and Fordham,0.533762058,332,622,10458,
Bronx,2020-04-01,Hunts Point and Mott Haven,0.536643026,227,423,10459,
Bronx,2020-04-01,Central Bronx,0.526859504,255,484,10460,
Bronx,2020-04-01,Southeast Bronx,0.526610644,376,714,10461,
Bronx,2020-04-01,Southeast Bronx,0.4908854170000001,377,768,10462,
Bronx,2020-04-01,Kingsbridge and Riverdale,0.386850153,253,654,10463,
Bronx,2020-04-01,Southeast Bronx,0.384615385,25,65,10464,
Bronx,2020-04-01,Southeast Bronx,0.4479865770000001,267,596,10465,
Bronx,2020-04-01,Northeast Bronx,0.5435435439999999,362,666,10466,
Bronx,2020-04-01,Bronx Park and Fordham,0.562610229,638,1134,10467,
Bronx,2020-04-01,Bronx Park and Fordham,0.636217949,397,624,10468,
Bronx,2020-04-01,Northeast Bronx,0.5766871170000001,470,815,10469,
Bronx,2020-04-01,Northeast Bronx,0.52866242,83,157,10470,
Bronx,2020-04-01,Kingsbridge and Riverdale,0.35016835,104,297,10471,
Bronx,2020-04-01,Southeast Bronx,0.571969697,302,528,10472,
Bronx,2020-04-01,Southeast Bronx,0.54676259,304,556,10473,
Bronx,2020-04-01,Hunts Point and Mott Haven,0.5670103089999999,55,97,10474,
Bronx,2020-04-01,Northeast Bronx,0.5717488789999999,255,446,10475,
Queens,2020-04-01,Southeast Queens,0.61509434,163,265,11429,
Queens,2020-04-01,Southeast Queens,0.593137255,121,204,11004,
Queens,2020-04-01,Northwest Queens,0.4625,148,320,11101,
Queens,2020-04-01,Northwest Queens,0.454545455,105,231,11102,
Queens,2020-04-01,Northwest Queens,0.512315271,104,203,11103,
Queens,2020-04-01,Northwest Queens,0.548387097,85,155,11104,
Queens,2020-04-01,Northwest Queens,0.429752066,104,242,11105,
Queens,2020-04-01,Northwest Queens,0.496551724,144,290,11106,
Brooklyn,2020-04-01,Northwest Brooklyn,0.425887265,204,479,11201,
Brooklyn,2020-04-01,Flatbush,0.628205128,343,546,11203,
Brooklyn,2020-04-01,Borough Park,0.5729613729999999,534,932,11204,
Brooklyn,2020-04-01,Northwest Brooklyn,0.570532915,182,319,11205,
Brooklyn,2020-04-01,Bushwick and Williamsburg,0.575174825,329,572,11206,
Brooklyn,2020-04-01,East New York and New Lots,0.565587734,332,587,11207,
Brooklyn,2020-04-01,East New York and New Lots,0.6238859179999999,350,561,11208,
Brooklyn,2020-04-01,Southwest Brooklyn,0.462389381,209,452,11209,
Brooklyn,2020-04-01,Flatbush,0.575260805,386,671,11210,
Brooklyn,2020-04-01,Greenpoint,0.625390219,601,961,11211,
Brooklyn,2020-04-01,Central Brooklyn,0.570786517,254,445,11212,
Brooklyn,2020-04-01,Central Brooklyn,0.634460548,394,621,11213,
Brooklyn,2020-04-01,Southwest Brooklyn,0.461397059,251,544,11214,
Brooklyn,2020-04-01,Northwest Brooklyn,0.407322654,178,437,11215,
Brooklyn,2020-04-01,Central Brooklyn,0.5126582279999999,162,316,11216,
Brooklyn,2020-04-01,Northwest Brooklyn,0.483271375,130,269,11217,
Brooklyn,2020-04-01,Borough Park,0.57096248,350,613,11218,
Brooklyn,2020-04-01,Borough Park,0.672774869,771,1146,11219,
Brooklyn,2020-04-01,Sunset Park,0.575163399,264,459,11220,
Brooklyn,2020-04-01,Bushwick and Williamsburg,0.571428571,260,455,11221,
Brooklyn,2020-04-01,Greenpoint,0.406779661,96,236,11222,
Brooklyn,2020-04-01,Southern Brooklyn,0.53894081,346,642,11223,
Brooklyn,2020-04-01,Southern Brooklyn,0.4375,133,304,11224,
Brooklyn,2020-04-01,Flatbush,0.62529274,267,427,11225,
Brooklyn,2020-04-01,Flatbush,0.573333333,344,600,11226,
Brooklyn,2020-04-01,Southwest Brooklyn,0.454954955,101,222,11228,
Brooklyn,2020-04-01,Southern Brooklyn,0.49375,316,640,11229,
Brooklyn,2020-04-01,Borough Park,0.603250478,631,1046,11230,
Brooklyn,2020-04-01,Northwest Brooklyn,0.468634686,127,271,11231,
Brooklyn,2020-04-01,Sunset Park,0.566666667,85,150,11232,
Brooklyn,2020-04-01,Central Brooklyn,0.587467363,225,383,11233,
Brooklyn,2020-04-01,Canarsie and Flatlands,0.510518934,364,713,11234,
Brooklyn,2020-04-01,Southern Brooklyn,0.50877193,348,684,11235,
Brooklyn,2020-04-01,Canarsie and Flatlands,0.593437946,416,701,11236,
Brooklyn,2020-04-01,Bushwick and Williamsburg,0.638888889,184,288,11237,
Brooklyn,2020-04-01,Central Brooklyn,0.522857143,183,350,11238,
Brooklyn,2020-04-01,Canarsie and Flatlands,0.658914729,85,129,11239,
Queens,2020-04-01,North Queens,0.50625,162,320,11357,
Queens,2020-04-01,North Queens,0.492647059,134,272,11354,
Queens,2020-04-01,North Queens,0.585164835,213,364,11355,
Queens,2020-04-01,North Queens,0.486725664,110,226,11356,
Queens,2020-04-01,North Queens,0.47983871,119,248,11358,
Queens,2020-04-01,North Queens,0.385620915,59,153,11360,
Queens,2020-04-01,Northeast Queens,0.45212766,85,188,11361,
Queens,2020-04-01,Northeast Queens,0.447552448,64,143,11362,
Queens,2020-04-01,Northeast Queens,0.415384615,27,65,11363,
Queens,2020-04-01,Northeast Queens,0.513636364,113,220,11364,
Queens,2020-04-01,Central Queens,0.5320512820000001,166,312,11365,
Queens,2020-04-01,Central Queens,0.5792349729999999,106,183,11366,
Queens,2020-04-01,Central Queens,0.622309198,318,511,11367,
Queens,2020-04-01,West Queens,0.771801141,947,1227,11368,
Queens,2020-04-01,West Queens,0.72907489,331,454,11369,
Queens,2020-04-01,West Queens,0.486486486,378,777,11370,
Queens,2020-04-01,West Queens,0.70995671,492,693,11372,
Queens,2020-04-01,West Queens,0.723867596,831,1148,11373,
Queens,2020-04-01,West Central Queens,0.5962616820000001,319,535,11374,
Queens,2020-04-01,West Central Queens,0.498806683,418,838,11375,
Queens,2020-04-01,West Queens,0.579617834,364,628,11377,
Queens,2020-04-01,West Queens,0.547368421,156,285,11378,
Queens,2020-04-01,West Central Queens,0.541666667,195,360,11379,
Queens,2020-04-01,West Central Queens,0.559947299,425,759,11385,
Queens,2020-04-01,Southeast Queens,0.6832579190000001,151,221,11411,
Queens,2020-04-01,Jamaica,0.597560976,245,410,11412,
Queens,2020-04-01,Southeast Queens,0.604166667,261,432,11413,
Queens,2020-04-01,Southwest Queens,0.5046728970000001,162,321,11414,
Queens,2020-04-01,Southwest Queens,0.613168724,149,243,11415,
Queens,2020-04-01,Southwest Queens,0.632432432,117,185,11416,
Queens,2020-04-01,Southwest Queens,0.594501718,173,291,11417,
Queens,2020-04-01,Southwest Queens,0.595041322,216,363,11418,
Queens,2020-04-01,Southwest Queens,0.54491018,182,334,11419,
Queens,2020-04-01,Southwest Queens,0.571794872,223,390,11420,
Queens,2020-04-01,Southwest Queens,0.573863636,202,352,11421,
Queens,2020-04-01,Southeast Queens,0.6187683279999999,211,341,11422,
Queens,2020-04-01,Jamaica,0.6074074070000001,164,270,11423,
Queens,2020-04-01,Southeast Queens,0.5,101,202,11426,
Queens,2020-04-01,Southeast Queens,0.560371517,181,323,11427,
Queens,2020-04-01,Southeast Queens,0.65497076,112,171,11428,
Queens,2020-04-01,Jamaica,0.645045045,358,555,11434,
Queens,2020-04-01,Jamaica,0.660685155,405,613,11432,
Queens,2020-04-01,Jamaica,0.62,155,250,11433,
Queens,2020-04-01,Jamaica,0.566731141,293,517,11435,
Queens,2020-04-01,Jamaica,0.64516129,100,155,11436,
Queens,2020-04-01,Rockaways,0.628242075,436,694,11691,
Queens,2020-04-01,Rockaways,0.5978260870000001,110,184,11692,
Queens,2020-04-01,Rockaways,0.5972222220000001,86,144,11693,
Queens,2020-04-01,Rockaways,0.52962963,143,270,11694,
Queens,2020-04-01,Rockaways,0.403225806,25,62,11697,
Manhattan,2020-04-03,Chelsea and Clinton,0.447368421,136,304,10001,44.74
Manhattan,2020-04-03,Lower East Side,0.486943164,317,651,10002,48.69
Manhattan,2020-04-03,Lower East Side,0.436073059,191,438,10003,43.61
Manhattan,2020-04-03,Lower Manhattan,0.452380952,19,42,10004,45.24
Manhattan,2020-04-03,Lower Manhattan,0.29787234,28,94,10005,29.79
Manhattan,2020-04-03,Lower Manhattan,0.269230769,7,26,10006,26.92
Manhattan,2020-04-03,Lower Manhattan,0.373333333,28,75,10007,37.33
Manhattan,2020-04-03,Lower East Side,0.430656934,236,548,10009,43.07
Manhattan,2020-04-03,Gramercy Park and Murray Hill,0.35119047600000003,118,336,10010,35.12
Manhattan,2020-04-03,Chelsea and Clinton,0.464480874,255,549,10011,46.45
Manhattan,2020-04-03,Greenwich Village and Soho,0.368421053,77,209,10012,36.84
Manhattan,2020-04-03,Greenwich Village and Soho,0.452830189,120,265,10013,45.28
Manhattan,2020-04-03,Greenwich Village and Soho,0.469740634,163,347,10014,46.97
Manhattan,2020-04-03,Gramercy Park and Murray Hill,0.446293495,295,661,10016,44.63
Manhattan,2020-04-03,Gramercy Park and Murray Hill,0.34104046200000004,59,173,10017,34.1
Manhattan,2020-04-03,Chelsea and Clinton,0.45971564,97,211,10018,45.97
Manhattan,2020-04-03,Chelsea and Clinton,0.434615385,226,520,10019,43.46
Manhattan,2020-04-03,Upper East Side,0.383928571,258,672,10021,38.39
Manhattan,2020-04-03,Gramercy Park and Murray Hill,0.37,148,400,10022,37.0
Manhattan,2020-04-03,Upper West Side,0.396226415,231,583,10023,39.62
Manhattan,2020-04-03,Upper West Side,0.348837209,255,731,10024,34.88
Manhattan,2020-04-03,Upper West Side,0.366591928,327,892,10025,36.66
Manhattan,2020-04-03,Central Harlem,0.457300275,166,363,10026,45.73
Manhattan,2020-04-03,Central Harlem,0.444444444,224,504,10027,44.44
Manhattan,2020-04-03,Upper East Side,0.4,220,550,10028,40.0
Manhattan,2020-04-03,East Harlem,0.4622057,373,807,10029,46.22
Manhattan,2020-04-03,Central Harlem,0.546558704,135,247,10030,54.66
Manhattan,2020-04-03,Inwood and Washington Heights,0.5783132529999999,288,498,10031,57.83
Manhattan,2020-04-03,Inwood and Washington Heights,0.580597015,389,670,10032,58.06
Manhattan,2020-04-03,Inwood and Washington Heights,0.576728499,342,593,10033,57.67
Manhattan,2020-04-03,Inwood and Washington Heights,0.467692308,152,325,10034,46.77
Manhattan,2020-04-03,East Harlem,0.477876106,216,452,10035,47.79
Manhattan,2020-04-03,Chelsea and Clinton,0.453172205,150,331,10036,45.32
Manhattan,2020-04-03,Central Harlem,0.490291262,101,206,10037,49.03
Manhattan,2020-04-03,Lower Manhattan,0.46969697,93,198,10038,46.97
Manhattan,2020-04-03,Central Harlem,0.520295203,141,271,10039,52.03
Manhattan,2020-04-03,Inwood and Washington Heights,0.5939675170000001,256,431,10040,59.4
Manhattan,2020-04-03,Upper East Side,0.437037037,59,135,10044,43.7
Manhattan,2020-04-03,Upper East Side,0.343478261,158,460,10065,34.35
Manhattan,2020-04-03,Upper East Side,0.450839329,188,417,10075,45.08
Manhattan,2020-04-03,Upper East Side,0.386956522,267,690,10128,38.7
Manhattan,2020-04-03,Lower Manhattan,0.327586207,19,58,10280,32.76
Staten Islan,2020-04-03,Stapleton and St. George,0.5555555560000001,235,423,10301,55.56
Staten Islan,2020-04-03,Port Richmond,0.502673797,94,187,10302,50.27
Staten Islan,2020-04-03,Port Richmond,0.493150685,144,292,10303,49.32
Staten Islan,2020-04-03,Stapleton and St. George,0.5637181410000001,376,667,10304,56.37
Staten Islan,2020-04-03,Stapleton and St. George,0.459893048,258,561,10305,45.99
Staten Islan,2020-04-03,South Shore,0.458823529,351,765,10306,45.88
Staten Islan,2020-04-03,South Shore,0.5,93,186,10307,50.0
Staten Islan,2020-04-03,South Shore,0.452088452,184,407,10308,45.21
Staten Islan,2020-04-03,South Shore,0.474613687,215,453,10309,47.46
Staten Islan,2020-04-03,Port Richmond,0.479553903,129,269,10310,47.96
Staten Islan,2020-04-03,South Shore,0.521197007,418,802,10312,52.12
Staten Islan,2020-04-03,Mid-Island,0.508210181,619,1218,10314,50.82
Bronx,2020-04-03,High Bridge and Morrisania,0.539325843,336,623,10451,53.93
Bronx,2020-04-03,High Bridge and Morrisania,0.617718447,509,824,10452,61.77
Bronx,2020-04-03,Central Bronx,0.623668639,527,845,10453,62.37
Bronx,2020-04-03,Hunts Point and Mott Haven,0.5555555560000001,245,441,10454,55.56
Bronx,2020-04-03,Hunts Point and Mott Haven,0.539351852,233,432,10455,53.94
Bronx,2020-04-03,High Bridge and Morrisania,0.564334086,500,886,10456,56.43
Bronx,2020-04-03,Central Bronx,0.574697174,427,743,10457,57.47
Bronx,2020-04-03,Bronx Park and Fordham,0.56625,453,800,10458,56.62
Bronx,2020-04-03,Hunts Point and Mott Haven,0.578651685,309,534,10459,57.87
Bronx,2020-04-03,Central Bronx,0.553054662,344,622,10460,55.31
Bronx,2020-04-03,Southeast Bronx,0.524822695,444,846,10461,52.48
Bronx,2020-04-03,Southeast Bronx,0.535960591,544,1015,10462,53.6
Bronx,2020-04-03,Kingsbridge and Riverdale,0.419230769,327,780,10463,41.92
Bronx,2020-04-03,Southeast Bronx,0.4166666670000001,30,72,10464,41.67
Bronx,2020-04-03,Southeast Bronx,0.483229814,389,805,10465,48.32
Bronx,2020-04-03,Northeast Bronx,0.57367829,510,889,10466,57.37
Bronx,2020-04-03,Bronx Park and Fordham,0.578146611,836,1446,10467,57.81
Bronx,2020-04-03,Bronx Park and Fordham,0.6645728639999999,529,796,10468,66.46
Bronx,2020-04-03,Northeast Bronx,0.610366399,683,1119,10469,61.04
Bronx,2020-04-03,Northeast Bronx,0.534653465,108,202,10470,53.47
Bronx,2020-04-03,Kingsbridge and Riverdale,0.379008746,130,343,10471,37.9
Bronx,2020-04-03,Southeast Bronx,0.613235294,417,680,10472,61.32
Bronx,2020-04-03,Southeast Bronx,0.575,437,760,10473,57.5
Bronx,2020-04-03,Hunts Point and Mott Haven,0.591666667,71,120,10474,59.17
Bronx,2020-04-03,Northeast Bronx,0.593080725,360,607,10475,59.31
Queens,2020-04-03,Southeast Queens,0.697201018,274,393,11429,69.72
Queens,2020-04-03,Southeast Queens,0.624548736,173,277,11004,62.45
Queens,2020-04-03,Northwest Queens,0.482014388,201,417,11101,48.2
Queens,2020-04-03,Northwest Queens,0.5168918920000001,153,296,11102,51.69
Queens,2020-04-03,Northwest Queens,0.53030303,140,264,11103,53.03
Queens,2020-04-03,Northwest Queens,0.581196581,136,234,11104,58.12
Queens,2020-04-03,Northwest Queens,0.451827243,136,301,11105,45.18
Queens,2020-04-03,Northwest Queens,0.514124294,182,354,11106,51.41
Brooklyn,2020-04-03,Northwest Brooklyn,0.4322344320000001,236,546,11201,43.22
Brooklyn,2020-04-03,Flatbush,0.63229308,466,737,11203,63.23
Brooklyn,2020-04-03,Borough Park,0.6080273270000001,712,1171,11204,60.8
Brooklyn,2020-04-03,Northwest Brooklyn,0.587378641,242,412,11205,58.74
Brooklyn,2020-04-03,Bushwick and Williamsburg,0.574022346,411,716,11206,57.4
Brooklyn,2020-04-03,East New York and New Lots,0.600250627,479,798,11207,60.03
Brooklyn,2020-04-03,East New York and New Lots,0.6549118389999999,520,794,11208,65.49
Brooklyn,2020-04-03,Southwest Brooklyn,0.481848185,292,606,11209,48.18
Brooklyn,2020-04-03,Flatbush,0.610011641,524,859,11210,61.0
Brooklyn,2020-04-03,Greenpoint,0.643265306,788,1225,11211,64.33
Brooklyn,2020-04-03,Central Brooklyn,0.625,395,632,11212,62.5
Brooklyn,2020-04-03,Central Brooklyn,0.64507772,498,772,11213,64.51
Brooklyn,2020-04-03,Southwest Brooklyn,0.5021707670000001,347,691,11214,50.22
Brooklyn,2020-04-03,Northwest Brooklyn,0.411764706,203,493,11215,41.18
Brooklyn,2020-04-03,Central Brooklyn,0.53030303,210,396,11216,53.03
Brooklyn,2020-04-03,Northwest Brooklyn,0.501557632,161,321,11217,50.16
Brooklyn,2020-04-03,Borough Park,0.582943925,499,856,11218,58.29
Brooklyn,2020-04-03,Borough Park,0.69737727,1037,1487,11219,69.74
Brooklyn,2020-04-03,Sunset Park,0.614678899,402,654,11220,61.47
Brooklyn,2020-04-03,Bushwick and Williamsburg,0.591872792,335,566,11221,59.19
Brooklyn,2020-04-03,Greenpoint,0.450171821,131,291,11222,45.02
Brooklyn,2020-04-03,Southern Brooklyn,0.5524475520000001,474,858,11223,55.24
Brooklyn,2020-04-03,Southern Brooklyn,0.49744898,195,392,11224,49.74
Brooklyn,2020-04-03,Flatbush,0.654916512,353,539,11225,65.49
Brooklyn,2020-04-03,Flatbush,0.617048346,485,786,11226,61.7
Brooklyn,2020-04-03,Southwest Brooklyn,0.526666667,158,300,11228,52.67
Brooklyn,2020-04-03,Southern Brooklyn,0.5209359610000001,423,812,11229,52.09
Brooklyn,2020-04-03,Borough Park,0.635682159,848,1334,11230,63.57
Brooklyn,2020-04-03,Northwest Brooklyn,0.485804416,154,317,11231,48.58
Brooklyn,2020-04-03,Sunset Park,0.635135135,141,222,11232,63.51
Brooklyn,2020-04-03,Central Brooklyn,0.612576065,302,493,11233,61.26
Brooklyn,2020-04-03,Canarsie and Flatlands,0.566702241,531,937,11234,56.67
Brooklyn,2020-04-03,Southern Brooklyn,0.50059453,421,841,11235,50.06
Brooklyn,2020-04-03,Canarsie and Flatlands,0.631256384,618,979,11236,63.13
Brooklyn,2020-04-03,Bushwick and Williamsburg,0.667613636,235,352,11237,66.76
Brooklyn,2020-04-03,Central Brooklyn,0.544086022,253,465,11238,54.41
Brooklyn,2020-04-03,Canarsie and Flatlands,0.684491979,128,187,11239,68.45
Queens,2020-04-03,North Queens,0.536130536,230,429,11357,53.61
Queens,2020-04-03,North Queens,0.620967742,308,496,11355,62.1
Queens,2020-04-03,North Queens,0.557065217,205,368,11354,55.71
Queens,2020-04-03,North Queens,0.5243055560000001,151,288,11356,52.43
Queens,2020-04-03,North Queens,0.49375,158,320,11358,49.38
Queens,2020-04-03,North Queens,0.436548223,86,197,11360,43.65
Queens,2020-04-03,Northeast Queens,0.515283843,118,229,11361,51.53
Queens,2020-04-03,Northeast Queens,0.455958549,88,193,11362,45.6
Queens,2020-04-03,Northeast Queens,0.428571429,33,77,11363,42.86
Queens,2020-04-03,Northeast Queens,0.537906137,149,277,11364,53.79
Queens,2020-04-03,Central Queens,0.54784689,229,418,11365,54.78
Queens,2020-04-03,Central Queens,0.612903226,152,248,11366,61.29
Queens,2020-04-03,Central Queens,0.63866878,403,631,11367,63.87
Queens,2020-04-03,West Queens,0.775700935,1245,1605,11368,77.57
Queens,2020-04-03,West Queens,0.7447833070000001,464,623,11369,74.48
Queens,2020-04-03,West Queens,0.5472103,510,932,11370,54.72
Queens,2020-04-03,West Queens,0.723779855,697,963,11372,72.38
Queens,2020-04-03,West Queens,0.6842961759999999,841,1229,11373,68.43
Queens,2020-04-03,West Central Queens,0.610787172,419,686,11374,61.08
Queens,2020-04-03,West Central Queens,0.5333969470000001,559,1048,11375,53.34
Queens,2020-04-03,West Queens,0.619735259,515,831,11377,61.97
Queens,2020-04-03,West Queens,0.560906516,198,353,11378,56.09
Queens,2020-04-03,West Central Queens,0.552631579,252,456,11379,55.26
Queens,2020-04-03,West Central Queens,0.593535749,606,1021,11385,59.35
Queens,2020-04-03,Southeast Queens,0.702970297,213,303,11411,70.3
Queens,2020-04-03,Jamaica,0.628158845,348,554,11412,62.82
Queens,2020-04-03,Southeast Queens,0.63592233,393,618,11413,63.59
Queens,2020-04-03,Southwest Queens,0.548628429,220,401,11414,54.86
Queens,2020-04-03,Southwest Queens,0.591054313,185,313,11415,59.11
Queens,2020-04-03,Southwest Queens,0.649193548,161,248,11416,64.92
Queens,2020-04-03,Southwest Queens,0.6036745410000001,230,381,11417,60.37
Queens,2020-04-03,Southwest Queens,0.61814346,293,474,11418,61.81
Queens,2020-04-03,Southwest Queens,0.58,261,450,11419,58.0
Queens,2020-04-03,Southwest Queens,0.6,339,565,11420,60.0
Queens,2020-04-03,Southwest Queens,0.6194690270000001,280,452,11421,61.95
Queens,2020-04-03,Southeast Queens,0.644680851,303,470,11422,64.47
Queens,2020-04-03,Jamaica,0.64921466,248,382,11423,64.92
Queens,2020-04-03,Southeast Queens,0.528089888,141,267,11426,52.81
Queens,2020-04-03,Southeast Queens,0.5825,233,400,11427,58.25
Queens,2020-04-03,Southeast Queens,0.662698413,167,252,11428,66.27
Queens,2020-04-03,Jamaica,0.667496887,536,803,11434,66.75
Queens,2020-04-03,Jamaica,0.630098453,448,711,11432,63.01
Queens,2020-04-03,Jamaica,0.656976744,226,344,11433,65.7
Queens,2020-04-03,Jamaica,0.5979532160000001,409,684,11435,59.8
Queens,2020-04-03,Jamaica,0.668292683,137,205,11436,66.83
Queens,2020-04-03,Rockaways,0.6652267820000001,616,926,11691,66.52
Queens,2020-04-03,Rockaways,0.630081301,155,246,11692,63.01
Queens,2020-04-03,Rockaways,0.613756614,116,189,11693,61.38
Queens,2020-04-03,Rockaways,0.538681948,188,349,11694,53.87
Queens,2020-04-03,Rockaways,0.422535211,30,71,11697,42.25
Manhattan,2020-04-04,Chelsea and Clinton,0.45482866,146,321,10001,45.48
Manhattan,2020-04-04,Lower East Side,0.498538012,341,684,10002,49.85
Manhattan,2020-04-04,Lower East Side,0.426724138,198,464,10003,42.67
Manhattan,2020-04-04,Lower Manhattan,0.444444444,20,45,10004,44.44
Manhattan,2020-04-04,Lower Manhattan,0.294736842,28,95,10005,29.47
Manhattan,2020-04-04,Lower Manhattan,0.25,7,28,10006,25.0
Manhattan,2020-04-04,Lower Manhattan,0.3717948720000001,29,78,10007,37.18
Manhattan,2020-04-04,Lower East Side,0.43545611,253,581,10009,43.55
Manhattan,2020-04-04,Gramercy Park and Murray Hill,0.345930233,119,344,10010,34.59
Manhattan,2020-04-04,Chelsea and Clinton,0.4635416670000001,267,576,10011,46.35
Manhattan,2020-04-04,Greenwich Village and Soho,0.368663594,80,217,10012,36.87
Manhattan,2020-04-04,Greenwich Village and Soho,0.450184502,122,271,10013,45.02
Manhattan,2020-04-04,Greenwich Village and Soho,0.470588235,168,357,10014,47.06
Manhattan,2020-04-04,Gramercy Park and Murray Hill,0.444285714,311,700,10016,44.43
Manhattan,2020-04-04,Gramercy Park and Murray Hill,0.344262295,63,183,10017,34.43
Manhattan,2020-04-04,Chelsea and Clinton,0.457777778,103,225,10018,45.78
Manhattan,2020-04-04,Chelsea and Clinton,0.437269373,237,542,10019,43.73
Manhattan,2020-04-04,Upper East Side,0.384397163,271,705,10021,38.44
Manhattan,2020-04-04,Gramercy Park and Murray Hill,0.376498801,157,417,10022,37.65
Manhattan,2020-04-04,Upper West Side,0.39452496,245,621,10023,39.45
Manhattan,2020-04-04,Upper West Side,0.35714285700000004,270,756,10024,35.71
Manhattan,2020-04-04,Upper West Side,0.377378436,357,946,10025,37.74
Manhattan,2020-04-04,Central Harlem,0.475949367,188,395,10026,47.59
Manhattan,2020-04-04,Central Harlem,0.462962963,250,540,10027,46.3
Manhattan,2020-04-04,Upper East Side,0.401050788,229,571,10028,40.11
Manhattan,2020-04-04,East Harlem,0.477324263,421,882,10029,47.73
Manhattan,2020-04-04,Central Harlem,0.5580524339999999,149,267,10030,55.81
Manhattan,2020-04-04,Inwood and Washington Heights,0.580406654,314,541,10031,58.04
Manhattan,2020-04-04,Inwood and Washington Heights,0.595303867,431,724,10032,59.53
Manhattan,2020-04-04,Inwood and Washington Heights,0.584664537,366,626,10033,58.47
Manhattan,2020-04-04,Inwood and Washington Heights,0.482857143,169,350,10034,48.29
Manhattan,2020-04-04,East Harlem,0.482401656,233,483,10035,48.24
Manhattan,2020-04-04,Chelsea and Clinton,0.453757225,157,346,10036,45.38
Manhattan,2020-04-04,Central Harlem,0.486486486,108,222,10037,48.65
Manhattan,2020-04-04,Lower Manhattan,0.45971564,97,211,10038,45.97
Manhattan,2020-04-04,Central Harlem,0.5121951220000001,147,287,10039,51.22
Manhattan,2020-04-04,Inwood and Washington Heights,0.601731602,278,462,10040,60.17
Manhattan,2020-04-04,Upper East Side,0.431506849,63,146,10044,43.15
Manhattan,2020-04-04,Upper East Side,0.340862423,166,487,10065,34.09
Manhattan,2020-04-04,Upper East Side,0.45034642,195,433,10075,45.03
Manhattan,2020-04-04,Upper East Side,0.383008357,275,718,10128,38.3
Manhattan,2020-04-04,Lower Manhattan,0.322033898,19,59,10280,32.2
Staten Islan,2020-04-04,Stapleton and St. George,0.551198257,253,459,10301,55.12
Staten Islan,2020-04-04,Port Richmond,0.502439024,103,205,10302,50.24
Staten Islan,2020-04-04,Port Richmond,0.49378882,159,322,10303,49.38
Staten Islan,2020-04-04,Stapleton and St. George,0.553695955,397,717,10304,55.37
Staten Islan,2020-04-04,Stapleton and St. George,0.461285008,280,607,10305,46.13
Staten Islan,2020-04-04,South Shore,0.451732673,365,808,10306,45.17
Staten Islan,2020-04-04,South Shore,0.49009901,99,202,10307,49.01
Staten Islan,2020-04-04,South Shore,0.449771689,197,438,10308,44.98
Staten Islan,2020-04-04,South Shore,0.476190476,230,483,10309,47.62
Staten Islan,2020-04-04,Port Richmond,0.473333333,142,300,10310,47.33
Staten Islan,2020-04-04,South Shore,0.51635514,442,856,10312,51.64
Staten Islan,2020-04-04,Mid-Island,0.50456621,663,1314,10314,50.46
Bronx,2020-04-04,High Bridge and Morrisania,0.5563909770000001,370,665,10451,55.64
Bronx,2020-04-04,High Bridge and Morrisania,0.618015964,542,877,10452,61.8
Bronx,2020-04-04,Central Bronx,0.624863686,573,917,10453,62.49
Bronx,2020-04-04,Hunts Point and Mott Haven,0.5747368420000001,273,475,10454,57.47
Bronx,2020-04-04,Hunts Point and Mott Haven,0.547974414,257,469,10455,54.8
Bronx,2020-04-04,High Bridge and Morrisania,0.572025052,548,958,10456,57.2
Bronx,2020-04-04,Central Bronx,0.593366093,483,814,10457,59.34
Bronx,2020-04-04,Bronx Park and Fordham,0.57424594,495,862,10458,57.42
Bronx,2020-04-04,Hunts Point and Mott Haven,0.592334495,340,574,10459,59.23
Bronx,2020-04-04,Central Bronx,0.561270802,371,661,10460,56.13
Bronx,2020-04-04,Southeast Bronx,0.537378115,496,923,10461,53.74
Bronx,2020-04-04,Southeast Bronx,0.544708029,597,1096,10462,54.47
Bronx,2020-04-04,Kingsbridge and Riverdale,0.430751174,367,852,10463,43.08
Bronx,2020-04-04,Southeast Bronx,0.384615385,30,78,10464,38.46
Bronx,2020-04-04,Southeast Bronx,0.481355932,426,885,10465,48.14
Bronx,2020-04-04,Northeast Bronx,0.576842105,548,950,10466,57.68
Bronx,2020-04-04,Bronx Park and Fordham,0.580666231,889,1531,10467,58.07
Bronx,2020-04-04,Bronx Park and Fordham,0.66552901,585,879,10468,66.55
Bronx,2020-04-04,Northeast Bronx,0.613322502,755,1231,10469,61.33
Bronx,2020-04-04,Northeast Bronx,0.526066351,111,211,10470,52.61
Bronx,2020-04-04,Kingsbridge and Riverdale,0.3820224720000001,136,356,10471,38.2
Bronx,2020-04-04,Southeast Bronx,0.615384615,448,728,10472,61.54
Bronx,2020-04-04,Southeast Bronx,0.574908648,472,821,10473,57.49
Bronx,2020-04-04,Hunts Point and Mott Haven,0.592307692,77,130,10474,59.23
Bronx,2020-04-04,Northeast Bronx,0.5978755689999999,394,659,10475,59.79
Queens,2020-04-04,Southeast Queens,0.698113208,296,424,11429,69.81
Queens,2020-04-04,Southeast Queens,0.631921824,194,307,11004,63.19
Queens,2020-04-04,Northwest Queens,0.487471526,214,439,11101,48.75
Queens,2020-04-04,Northwest Queens,0.522012579,166,318,11102,52.2
Queens,2020-04-04,Northwest Queens,0.537102473,152,283,11103,53.71
Queens,2020-04-04,Northwest Queens,0.586872587,152,259,11104,58.69
Queens,2020-04-04,Northwest Queens,0.4786585370000001,157,328,11105,47.87
Queens,2020-04-04,Northwest Queens,0.5078534029999999,194,382,11106,50.79
Brooklyn,2020-04-04,Northwest Brooklyn,0.430795848,249,578,11201,43.08
Brooklyn,2020-04-04,Flatbush,0.63164557,499,790,11203,63.16
Brooklyn,2020-04-04,Borough Park,0.604538088,746,1234,11204,60.45
Brooklyn,2020-04-04,Northwest Brooklyn,0.586605081,254,433,11205,58.66
Brooklyn,2020-04-04,Bushwick and Williamsburg,0.579634465,444,766,11206,57.96
Brooklyn,2020-04-04,East New York and New Lots,0.610011641,524,859,11207,61.0
Brooklyn,2020-04-04,East New York and New Lots,0.6578341010000001,571,868,11208,65.78
Brooklyn,2020-04-04,Southwest Brooklyn,0.483433735,321,664,11209,48.34
Brooklyn,2020-04-04,Flatbush,0.615555556,554,900,11210,61.56
Brooklyn,2020-04-04,Greenpoint,0.6451361870000001,829,1285,11211,64.51
Brooklyn,2020-04-04,Central Brooklyn,0.628985507,434,690,11212,62.9
Brooklyn,2020-04-04,Central Brooklyn,0.637254902,520,816,11213,63.73
Brooklyn,2020-04-04,Southwest Brooklyn,0.495302013,369,745,11214,49.53
Brooklyn,2020-04-04,Northwest Brooklyn,0.4141221370000001,217,524,11215,41.41
Brooklyn,2020-04-04,Central Brooklyn,0.526066351,222,422,11216,52.61
Brooklyn,2020-04-04,Northwest Brooklyn,0.520588235,177,340,11217,52.06
Brooklyn,2020-04-04,Borough Park,0.584681769,542,927,11218,58.47
Brooklyn,2020-04-04,Borough Park,0.695207668,1088,1565,11219,69.52
Brooklyn,2020-04-04,Sunset Park,0.6179775279999999,440,712,11220,61.8
Brooklyn,2020-04-04,Bushwick and Williamsburg,0.594684385,358,602,11221,59.47
Brooklyn,2020-04-04,Greenpoint,0.445859873,140,314,11222,44.59
Brooklyn,2020-04-04,Southern Brooklyn,0.549189189,508,925,11223,54.92
Brooklyn,2020-04-04,Southern Brooklyn,0.5097087379999999,210,412,11224,50.97
Brooklyn,2020-04-04,Flatbush,0.657342657,376,572,11225,65.73
Brooklyn,2020-04-04,Flatbush,0.619668246,523,844,11226,61.97
Brooklyn,2020-04-04,Southwest Brooklyn,0.521604938,169,324,11228,52.16
Brooklyn,2020-04-04,Southern Brooklyn,0.525383707,445,847,11229,52.54
Brooklyn,2020-04-04,Borough Park,0.6386138610000001,903,1414,11230,63.86
Brooklyn,2020-04-04,Northwest Brooklyn,0.487878788,161,330,11231,48.79
Brooklyn,2020-04-04,Sunset Park,0.6352459020000001,155,244,11232,63.52
Brooklyn,2020-04-04,Central Brooklyn,0.6202290079999999,325,524,11233,62.02
Brooklyn,2020-04-04,Canarsie and Flatlands,0.57000993,574,1007,11234,57.0
Brooklyn,2020-04-04,Southern Brooklyn,0.505506608,459,908,11235,50.55
Brooklyn,2020-04-04,Canarsie and Flatlands,0.631775701,676,1070,11236,63.18
Brooklyn,2020-04-04,Bushwick and Williamsburg,0.6736292429999999,258,383,11237,67.36
Brooklyn,2020-04-04,Central Brooklyn,0.548387097,272,496,11238,54.84
Brooklyn,2020-04-04,Canarsie and Flatlands,0.6748768470000001,137,203,11239,67.49
Queens,2020-04-04,North Queens,0.526315789,240,456,11357,52.63
Queens,2020-04-04,North Queens,0.613259669,333,543,11355,61.33
Queens,2020-04-04,North Queens,0.565853659,232,410,11354,56.59
Queens,2020-04-04,North Queens,0.5228758170000001,160,306,11356,52.29
Queens,2020-04-04,North Queens,0.480825959,163,339,11358,48.08
Queens,2020-04-04,North Queens,0.427272727,94,220,11360,42.73
Queens,2020-04-04,Northeast Queens,0.524193548,130,248,11361,52.42
Queens,2020-04-04,Northeast Queens,0.435643564,88,202,11362,43.56
Queens,2020-04-04,Northeast Queens,0.447058824,38,85,11363,44.71
Queens,2020-04-04,Northeast Queens,0.531986532,158,297,11364,53.2
Queens,2020-04-04,Central Queens,0.546255507,248,454,11365,54.63
Queens,2020-04-04,Central Queens,0.6179775279999999,165,267,11366,61.8
Queens,2020-04-04,Central Queens,0.63338301,425,671,11367,63.34
Queens,2020-04-04,West Queens,0.775972142,1337,1723,11368,77.6
Queens,2020-04-04,West Queens,0.747774481,504,674,11369,74.78
Queens,2020-04-04,West Queens,0.556701031,540,970,11370,55.67
Queens,2020-04-04,West Queens,0.728070175,747,1026,11372,72.81
Queens,2020-04-04,West Queens,0.6830559759999999,903,1322,11373,68.31
Queens,2020-04-04,West Central Queens,0.614152203,460,749,11374,61.42
Queens,2020-04-04,West Central Queens,0.538664323,613,1138,11375,53.87
Queens,2020-04-04,West Queens,0.625555556,563,900,11377,62.56
Queens,2020-04-04,West Queens,0.5718015670000001,219,383,11378,57.18
Queens,2020-04-04,West Central Queens,0.546218487,260,476,11379,54.62
Queens,2020-04-04,West Central Queens,0.5878564860000001,639,1087,11385,58.79
Queens,2020-04-04,Southeast Queens,0.725663717,246,339,11411,72.57
Queens,2020-04-04,Jamaica,0.639072848,386,604,11412,63.91
Queens,2020-04-04,Southeast Queens,0.629685157,420,667,11413,62.97
Queens,2020-04-04,Southwest Queens,0.552204176,238,431,11414,55.22
Queens,2020-04-04,Southwest Queens,0.603658537,198,328,11415,60.37
Queens,2020-04-04,Southwest Queens,0.653571429,183,280,11416,65.36
Queens,2020-04-04,Southwest Queens,0.599502488,241,402,11417,59.95
Queens,2020-04-04,Southwest Queens,0.606299213,308,508,11418,60.63
Queens,2020-04-04,Southwest Queens,0.5858585860000001,290,495,11419,58.59
Queens,2020-04-04,Southwest Queens,0.601317957,365,607,11420,60.13
Queens,2020-04-04,Southwest Queens,0.627572016,305,486,11421,62.76
Queens,2020-04-04,Southeast Queens,0.642718447,331,515,11422,64.27
Queens,2020-04-04,Jamaica,0.6485148510000001,262,404,11423,64.85
Queens,2020-04-04,Southeast Queens,0.523648649,155,296,11426,52.36
Queens,2020-04-04,Southeast Queens,0.587699317,258,439,11427,58.77
Queens,2020-04-04,Southeast Queens,0.660516605,179,271,11428,66.05
Queens,2020-04-04,Jamaica,0.665906499,584,877,11434,66.59
Queens,2020-04-04,Jamaica,0.6313672920000001,471,746,11432,63.14
Queens,2020-04-04,Jamaica,0.645945946,239,370,11433,64.59
Queens,2020-04-04,Jamaica,0.599184783,441,736,11435,59.92
Queens,2020-04-04,Jamaica,0.666666667,148,222,11436,66.67
Queens,2020-04-04,Rockaways,0.665322581,660,992,11691,66.53
Queens,2020-04-04,Rockaways,0.632958801,169,267,11692,63.3
Queens,2020-04-04,Rockaways,0.606060606,120,198,11693,60.61
Queens,2020-04-04,Rockaways,0.547683924,201,367,11694,54.77
Queens,2020-04-04,Rockaways,0.413333333,31,75,11697,41.33
Manhattan,2020-04-05,Chelsea and Clinton,0.4688427299703264,158,337,10001,46.88
Manhattan,2020-04-05,Lower East Side,0.5013927576601671,360,718,10002,50.14
Manhattan,2020-04-05,Lower East Side,0.42857142857142855,210,490,10003,42.86
Manhattan,2020-04-05,Lower Manhattan,0.4444444444444444,20,45,10004,44.44
Manhattan,2020-04-05,Lower Manhattan,0.3020833333333333,29,96,10005,30.21
Manhattan,2020-04-05,Lower Manhattan,0.2333333333333333,7,30,10006,23.33
Manhattan,2020-04-05,Lower Manhattan,0.3580246913580247,29,81,10007,35.8
Manhattan,2020-04-05,Lower East Side,0.4388609715242881,262,597,10009,43.89
Manhattan,2020-04-05,Gramercy Park and Murray Hill,0.3467048710601719,121,349,10010,34.67
Manhattan,2020-04-05,Chelsea and Clinton,0.4664429530201342,278,596,10011,46.64
Manhattan,2020-04-05,Greenwich Village and Soho,0.3761061946902655,85,226,10012,37.61
Manhattan,2020-04-05,Greenwich Village and Soho,0.4397163120567376,124,282,10013,43.97
Manhattan,2020-04-05,Greenwich Village and Soho,0.4772117962466488,178,373,10014,47.72
Manhattan,2020-04-05,Gramercy Park and Murray Hill,0.44566712517193946,324,727,10016,44.57
Manhattan,2020-04-05,Gramercy Park and Murray Hill,0.3475935828877005,65,187,10017,34.76
Manhattan,2020-04-05,Chelsea and Clinton,0.456896551724138,106,232,10018,45.69
Manhattan,2020-04-05,Chelsea and Clinton,0.4357142857142857,244,560,10019,43.57
Manhattan,2020-04-05,Upper East Side,0.3884297520661157,282,726,10021,38.84
Manhattan,2020-04-05,Gramercy Park and Murray Hill,0.3767772511848341,159,422,10022,37.68
Manhattan,2020-04-05,Upper West Side,0.3909657320872274,251,642,10023,39.1
Manhattan,2020-04-05,Upper West Side,0.3618925831202046,283,782,10024,36.19
Manhattan,2020-04-05,Upper West Side,0.38313008130081294,377,984,10025,38.31
Manhattan,2020-04-05,Central Harlem,0.4769975786924939,197,413,10026,47.7
Manhattan,2020-04-05,Central Harlem,0.4725663716814159,267,565,10027,47.26
Manhattan,2020-04-05,Upper East Side,0.3983193277310924,237,595,10028,39.83
Manhattan,2020-04-05,East Harlem,0.4888653234358431,461,943,10029,48.89
Manhattan,2020-04-05,Central Harlem,0.5674740484429066,164,289,10030,56.75
Manhattan,2020-04-05,Inwood and Washington Heights,0.5902777777777778,340,576,10031,59.03
Manhattan,2020-04-05,Inwood and Washington Heights,0.5918097754293263,448,757,10032,59.18
Manhattan,2020-04-05,Inwood and Washington Heights,0.5951293759512938,391,657,10033,59.51
Manhattan,2020-04-05,Inwood and Washington Heights,0.4863387978142077,178,366,10034,48.63
Manhattan,2020-04-05,East Harlem,0.4932038834951457,254,515,10035,49.32
Manhattan,2020-04-05,Chelsea and Clinton,0.4507042253521127,160,355,10036,45.07
Manhattan,2020-04-05,Central Harlem,0.5020746887966805,121,241,10037,50.21
Manhattan,2020-04-05,Lower Manhattan,0.4611872146118721,101,219,10038,46.12
Manhattan,2020-04-05,Central Harlem,0.5098684210526315,155,304,10039,50.99
Manhattan,2020-04-05,Inwood and Washington Heights,0.6036960985626283,294,487,10040,60.37
Manhattan,2020-04-05,Upper East Side,0.42953020134228187,64,149,10044,42.95
Manhattan,2020-04-05,Upper East Side,0.3475609756097561,171,492,10065,34.76
Manhattan,2020-04-05,Upper East Side,0.4513274336283186,204,452,10075,45.13
Manhattan,2020-04-05,Upper East Side,0.3812754409769335,281,737,10128,38.13
Manhattan,2020-04-05,Lower Manhattan,0.3278688524590164,20,61,10280,32.79
Staten Islan,2020-04-05,Stapleton and St. George,0.5548902195608783,278,501,10301,55.49
Staten Islan,2020-04-05,Port Richmond,0.5217391304347826,120,230,10302,52.17
Staten Islan,2020-04-05,Port Richmond,0.4929178470254957,174,353,10303,49.29
Staten Islan,2020-04-05,Stapleton and St. George,0.5491480996068152,419,763,10304,54.91
Staten Islan,2020-04-05,Stapleton and St. George,0.4570552147239264,298,652,10305,45.71
Staten Islan,2020-04-05,South Shore,0.4570135746606335,404,884,10306,45.7
Staten Islan,2020-04-05,South Shore,0.5023041474654378,109,217,10307,50.23
Staten Islan,2020-04-05,South Shore,0.4514767932489451,214,474,10308,45.15
Staten Islan,2020-04-05,South Shore,0.4712643678160919,246,522,10309,47.13
Staten Islan,2020-04-05,Port Richmond,0.4791666666666667,161,336,10310,47.92
Staten Islan,2020-04-05,South Shore,0.5043668122270742,462,916,10312,50.44
Staten Islan,2020-04-05,Mid-Island,0.5056818181818182,712,1408,10314,50.57
Bronx,2020-04-05,High Bridge and Morrisania,0.5592011412268189,392,701,10451,55.92
Bronx,2020-04-05,High Bridge and Morrisania,0.6199575371549894,584,942,10452,62.0
Bronx,2020-04-05,Central Bronx,0.6297049847405899,619,983,10453,62.97
Bronx,2020-04-05,Hunts Point and Mott Haven,0.5903614457831325,294,498,10454,59.04
Bronx,2020-04-05,Hunts Point and Mott Haven,0.5535353535353535,274,495,10455,55.35
Bronx,2020-04-05,High Bridge and Morrisania,0.5872865275142315,619,1054,10456,58.73
Bronx,2020-04-05,Central Bronx,0.6063708759954494,533,879,10457,60.64
Bronx,2020-04-05,Bronx Park and Fordham,0.579849946409432,541,933,10458,57.98
Bronx,2020-04-05,Hunts Point and Mott Haven,0.587378640776699,363,618,10459,58.74
Bronx,2020-04-05,Central Bronx,0.569583931133429,397,697,10460,56.96
Bronx,2020-04-05,Southeast Bronx,0.5397784491440081,536,993,10461,53.98
Bronx,2020-04-05,Southeast Bronx,0.5448275862068965,632,1160,10462,54.48
Bronx,2020-04-05,Kingsbridge and Riverdale,0.4422442244224423,402,909,10463,44.22
Bronx,2020-04-05,Southeast Bronx,0.3684210526315789,35,95,10464,36.84
Bronx,2020-04-05,Southeast Bronx,0.4802083333333334,461,960,10465,48.02
Bronx,2020-04-05,Northeast Bronx,0.5804540967423495,588,1013,10466,58.05
Bronx,2020-04-05,Bronx Park and Fordham,0.5790769230769229,941,1625,10467,57.91
Bronx,2020-04-05,Bronx Park and Fordham,0.6656017039403621,625,939,10468,66.56
Bronx,2020-04-05,Northeast Bronx,0.6096625766871165,795,1304,10469,60.97
Bronx,2020-04-05,Northeast Bronx,0.5283842794759825,121,229,10470,52.84
Bronx,2020-04-05,Kingsbridge and Riverdale,0.3973333333333333,149,375,10471,39.73
Bronx,2020-04-05,Southeast Bronx,0.6130718954248366,469,765,10472,61.31
Bronx,2020-04-05,Southeast Bronx,0.5839909808342728,518,887,10473,58.4
Bronx,2020-04-05,Hunts Point and Mott Haven,0.6102941176470589,83,136,10474,61.03
Bronx,2020-04-05,Northeast Bronx,0.601418439716312,424,705,10475,60.14
Queens,2020-04-05,Southeast Queens,0.6984815618221258,322,461,11429,69.85
Queens,2020-04-05,Southeast Queens,0.6329113924050633,200,316,11004,63.29
Queens,2020-04-05,Northwest Queens,0.4936170212765957,232,470,11101,49.36
Queens,2020-04-05,Northwest Queens,0.5284090909090909,186,352,11102,52.84
Queens,2020-04-05,Northwest Queens,0.5436893203883495,168,309,11103,54.37
Queens,2020-04-05,Northwest Queens,0.5776173285198556,160,277,11104,57.76
Queens,2020-04-05,Northwest Queens,0.4797687861271676,166,346,11105,47.98
Queens,2020-04-05,Northwest Queens,0.5162907268170426,206,399,11106,51.63
Brooklyn,2020-04-05,Northwest Brooklyn,0.4309484193011647,259,601,11201,43.09
Brooklyn,2020-04-05,Flatbush,0.635632183908046,553,870,11203,63.56
Brooklyn,2020-04-05,Borough Park,0.6078582434514638,789,1298,11204,60.79
Brooklyn,2020-04-05,Northwest Brooklyn,0.5844155844155844,270,462,11205,58.44
Brooklyn,2020-04-05,Bushwick and Williamsburg,0.5845588235294118,477,816,11206,58.46
Brooklyn,2020-04-05,East New York and New Lots,0.6081229418221734,554,911,11207,60.81
Brooklyn,2020-04-05,East New York and New Lots,0.6587215601300108,608,923,11208,65.87
Brooklyn,2020-04-05,Southwest Brooklyn,0.4846796657381616,348,718,11209,48.47
Brooklyn,2020-04-05,Flatbush,0.6117523609653726,583,953,11210,61.18
Brooklyn,2020-04-05,Greenpoint,0.6434456928838951,859,1335,11211,64.34
Brooklyn,2020-04-05,Central Brooklyn,0.6187335092348285,469,758,11212,61.87
Brooklyn,2020-04-05,Central Brooklyn,0.6302616609783845,554,879,11213,63.03
Brooklyn,2020-04-05,Southwest Brooklyn,0.5062814070351759,403,796,11214,50.63
Brooklyn,2020-04-05,Northwest Brooklyn,0.4275491949910555,239,559,11215,42.75
Brooklyn,2020-04-05,Central Brooklyn,0.5393258426966292,240,445,11216,53.93
Brooklyn,2020-04-05,Northwest Brooklyn,0.5311653116531165,196,369,11217,53.12
Brooklyn,2020-04-05,Borough Park,0.5887179487179487,574,975,11218,58.87
Brooklyn,2020-04-05,Borough Park,0.6909975669099757,1136,1644,11219,69.1
Brooklyn,2020-04-05,Sunset Park,0.6082887700534759,455,748,11220,60.83
Brooklyn,2020-04-05,Bushwick and Williamsburg,0.5962732919254659,384,644,11221,59.63
Brooklyn,2020-04-05,Greenpoint,0.4444444444444444,148,333,11222,44.44
Brooklyn,2020-04-05,Southern Brooklyn,0.5436793422404933,529,973,11223,54.37
Brooklyn,2020-04-05,Southern Brooklyn,0.5269058295964125,235,446,11224,52.69
Brooklyn,2020-04-05,Flatbush,0.6480263157894737,394,608,11225,64.8
Brooklyn,2020-04-05,Flatbush,0.6234498308906427,553,887,11226,62.34
Brooklyn,2020-04-05,Southwest Brooklyn,0.5249266862170088,179,341,11228,52.49
Brooklyn,2020-04-05,Southern Brooklyn,0.5280898876404494,470,890,11229,52.81
Brooklyn,2020-04-05,Borough Park,0.6361802286482852,946,1487,11230,63.62
Brooklyn,2020-04-05,Northwest Brooklyn,0.4814814814814815,169,351,11231,48.15
Brooklyn,2020-04-05,Sunset Park,0.6401515151515151,169,264,11232,64.02
Brooklyn,2020-04-05,Central Brooklyn,0.6180555555555556,356,576,11233,61.81
Brooklyn,2020-04-05,Canarsie and Flatlands,0.5783132530120482,624,1079,11234,57.83
Brooklyn,2020-04-05,Southern Brooklyn,0.5036194415718718,487,967,11235,50.36
Brooklyn,2020-04-05,Canarsie and Flatlands,0.6313963573287077,728,1153,11236,63.14
Brooklyn,2020-04-05,Bushwick and Williamsburg,0.6715686274509803,274,408,11237,67.16
Brooklyn,2020-04-05,Central Brooklyn,0.5505836575875487,283,514,11238,55.06
Brooklyn,2020-04-05,Canarsie and Flatlands,0.6885964912280702,157,228,11239,68.86
Queens,2020-04-05,North Queens,0.5383022774327122,260,483,11357,53.83
Queens,2020-04-05,North Queens,0.6207482993197279,365,588,11355,62.07
Queens,2020-04-05,North Queens,0.5854214123006833,257,439,11354,58.54
Queens,2020-04-05,North Queens,0.5347432024169184,177,331,11356,53.47
Queens,2020-04-05,North Queens,0.4804469273743017,172,358,11358,48.04
Queens,2020-04-05,North Queens,0.4217391304347826,97,230,11360,42.17
Queens,2020-04-05,Northeast Queens,0.5370370370370371,145,270,11361,53.7
Queens,2020-04-05,Northeast Queens,0.4312796208530806,91,211,11362,43.13
Queens,2020-04-05,Northeast Queens,0.4516129032258064,42,93,11363,45.16
Queens,2020-04-05,Northeast Queens,0.5256410256410257,164,312,11364,52.56
Queens,2020-04-05,Central Queens,0.5469387755102041,268,490,11365,54.69
Queens,2020-04-05,Central Queens,0.6241134751773051,176,282,11366,62.41
Queens,2020-04-05,Central Queens,0.6331444759206799,447,706,11367,63.31
Queens,2020-04-05,West Queens,0.7770016120365395,1446,1861,11368,77.7
Queens,2020-04-05,West Queens,0.7513736263736264,547,728,11369,75.14
Queens,2020-04-05,West Queens,0.5690168818272096,573,1007,11370,56.9
Queens,2020-04-05,West Queens,0.7313974591651543,806,1102,11372,73.14
Queens,2020-04-05,West Queens,0.6898245614035088,983,1425,11373,68.98
Queens,2020-04-05,West Central Queens,0.6109693877551021,479,784,11374,61.1
Queens,2020-04-05,West Central Queens,0.542809642560266,653,1203,11375,54.28
Queens,2020-04-05,West Queens,0.6378600823045267,620,972,11377,63.79
Queens,2020-04-05,West Queens,0.5631067961165048,232,412,11378,56.31
Queens,2020-04-05,West Central Queens,0.5476190476190477,276,504,11379,54.76
Queens,2020-04-05,West Central Queens,0.5864793678665496,668,1139,11385,58.65
Queens,2020-04-05,Southeast Queens,0.7364130434782609,271,368,11411,73.64
Queens,2020-04-05,Jamaica,0.6380090497737556,423,663,11412,63.8
Queens,2020-04-05,Southeast Queens,0.6344827586206897,460,725,11413,63.45
Queens,2020-04-05,Southwest Queens,0.5587583148558758,252,451,11414,55.88
Queens,2020-04-05,Southwest Queens,0.597667638483965,205,343,11415,59.77
Queens,2020-04-05,Southwest Queens,0.6559485530546624,204,311,11416,65.59
Queens,2020-04-05,Southwest Queens,0.6076555023923444,254,418,11417,60.77
Queens,2020-04-05,Southwest Queens,0.6081330868761553,329,541,11418,60.81
Queens,2020-04-05,Southwest Queens,0.6011342155009451,318,529,11419,60.11
Queens,2020-04-05,Southwest Queens,0.6067073170731707,398,656,11420,60.67
Queens,2020-04-05,Southwest Queens,0.6358267716535433,323,508,11421,63.58
Queens,2020-04-05,Southeast Queens,0.6410714285714286,359,560,11422,64.11
Queens,2020-04-05,Jamaica,0.6408450704225352,273,426,11423,64.08
Queens,2020-04-05,Southeast Queens,0.5207667731629393,163,313,11426,52.08
Queens,2020-04-05,Southeast Queens,0.5925925925925926,272,459,11427,59.26
Queens,2020-04-05,Southeast Queens,0.6542372881355932,193,295,11428,65.42
Queens,2020-04-05,Jamaica,0.6670168067226889,635,952,11434,66.7
Queens,2020-04-05,Jamaica,0.6330390920554855,502,793,11432,63.3
Queens,2020-04-05,Jamaica,0.6421568627450981,262,408,11433,64.22
Queens,2020-04-05,Jamaica,0.6070087609511889,485,799,11435,60.7
Queens,2020-04-05,Jamaica,0.6666666666666666,160,240,11436,66.67
Queens,2020-04-05,Rockaways,0.6657329598506069,713,1071,11691,66.57
Queens,2020-04-05,Rockaways,0.6297577854671279,182,289,11692,62.98
Queens,2020-04-05,Rockaways,0.6121495327102804,131,214,11693,61.21
Queens,2020-04-05,Rockaways,0.5692695214105793,226,397,11694,56.93
Queens,2020-04-05,Rockaways,0.425,34,80,11697,42.5
Manhattan,2020-04-07,Chelsea and Clinton,0.46703296703296704,170,364,10001,46.7
Manhattan,2020-04-07,Lower East Side,0.5113636363636364,405,792,10002,51.14
Manhattan,2020-04-07,Lower East Side,0.42357274401473294,230,543,10003,42.36
Manhattan,2020-04-07,Lower Manhattan,0.4444444444444444,20,45,10004,44.44
Manhattan,2020-04-07,Lower Manhattan,0.3106796116504854,32,103,10005,31.07
Manhattan,2020-04-07,Lower Manhattan,0.24242424242424243,8,33,10006,24.24
Manhattan,2020-04-07,Lower Manhattan,0.3488372093023256,30,86,10007,34.88
Manhattan,2020-04-07,Lower East Side,0.4501510574018127,298,662,10009,45.02
Manhattan,2020-04-07,Gramercy Park and Murray Hill,0.35278514588859416,133,377,10010,35.28
Manhattan,2020-04-07,Chelsea and Clinton,0.48125,308,640,10011,48.12
Manhattan,2020-04-07,Greenwich Village and Soho,0.35684647302904565,86,241,10012,35.68
Manhattan,2020-04-07,Greenwich Village and Soho,0.43521594684385384,131,301,10013,43.52
Manhattan,2020-04-07,Greenwich Village and Soho,0.47570332480818417,186,391,10014,47.57
Manhattan,2020-04-07,Gramercy Park and Murray Hill,0.4226044226044226,344,814,10016,42.26
Manhattan,2020-04-07,Gramercy Park and Murray Hill,0.3490566037735849,74,212,10017,34.91
Manhattan,2020-04-07,Chelsea and Clinton,0.46215139442231074,116,251,10018,46.22
Manhattan,2020-04-07,Chelsea and Clinton,0.42857142857142855,264,616,10019,42.86
Manhattan,2020-04-07,Upper East Side,0.38261997405966275,295,771,10021,38.26
Manhattan,2020-04-07,Gramercy Park and Murray Hill,0.3774403470715835,174,461,10022,37.74
Manhattan,2020-04-07,Upper West Side,0.38705035971223023,269,695,10023,38.71
Manhattan,2020-04-07,Upper West Side,0.36504161712247324,307,841,10024,36.5
Manhattan,2020-04-07,Upper West Side,0.3994464944649446,433,1084,10025,39.94
Manhattan,2020-04-07,Central Harlem,0.48997772828507796,220,449,10026,49.0
Manhattan,2020-04-07,Central Harlem,0.4977168949771689,327,657,10027,49.77
Manhattan,2020-04-07,Upper East Side,0.3953846153846154,257,650,10028,39.54
Manhattan,2020-04-07,East Harlem,0.508411214953271,544,1070,10029,50.84
Manhattan,2020-04-07,Central Harlem,0.5653495440729484,186,329,10030,56.53
Manhattan,2020-04-07,Inwood and Washington Heights,0.6074626865671642,407,670,10031,60.75
Manhattan,2020-04-07,Inwood and Washington Heights,0.5927654609101517,508,857,10032,59.28
Manhattan,2020-04-07,Inwood and Washington Heights,0.6013698630136987,439,730,10033,60.14
Manhattan,2020-04-07,Inwood and Washington Heights,0.5096153846153846,212,416,10034,50.96
Manhattan,2020-04-07,East Harlem,0.5189655172413793,301,580,10035,51.9
Manhattan,2020-04-07,Chelsea and Clinton,0.46782178217821785,189,404,10036,46.78
Manhattan,2020-04-07,Central Harlem,0.5177304964539007,146,282,10037,51.77
Manhattan,2020-04-07,Lower Manhattan,0.4789915966386555,114,238,10038,47.9
Manhattan,2020-04-07,Central Harlem,0.5235294117647059,178,340,10039,52.35
Manhattan,2020-04-07,Inwood and Washington Heights,0.6058931860036832,329,543,10040,60.59
Manhattan,2020-04-07,Upper East Side,0.43870967741935485,68,155,10044,43.87
Manhattan,2020-04-07,Upper East Side,0.35,182,520,10065,35.0
Manhattan,2020-04-07,Upper East Side,0.46311475409836067,226,488,10075,46.31
Manhattan,2020-04-07,Upper East Side,0.38202247191011235,306,801,10128,38.2
Manhattan,2020-04-07,Lower Manhattan,0.3484848484848485,23,66,10280,34.85
Staten Islan,2020-04-07,Stapleton and St. George,0.5472972972972973,324,592,10301,54.73
Staten Islan,2020-04-07,Port Richmond,0.5252525252525253,156,297,10302,52.53
Staten Islan,2020-04-07,Port Richmond,0.5111607142857143,229,448,10303,51.12
Staten Islan,2020-04-07,Stapleton and St. George,0.5361512791991101,482,899,10304,53.62
Staten Islan,2020-04-07,Stapleton and St. George,0.462406015037594,369,798,10305,46.24
Staten Islan,2020-04-07,South Shore,0.44808231992516373,479,1069,10306,44.81
Staten Islan,2020-04-07,South Shore,0.4962686567164179,133,268,10307,49.63
Staten Islan,2020-04-07,South Shore,0.4460431654676259,248,556,10308,44.6
Staten Islan,2020-04-07,South Shore,0.4613003095975232,298,646,10309,46.13
Staten Islan,2020-04-07,Port Richmond,0.4801864801864802,206,429,10310,48.02
Staten Islan,2020-04-07,South Shore,0.5054347826086957,558,1104,10312,50.54
Staten Islan,2020-04-07,Mid-Island,0.49644970414201184,839,1690,10314,49.64
Bronx,2020-04-07,High Bridge and Morrisania,0.5606595995288575,476,849,10451,56.07
Bronx,2020-04-07,High Bridge and Morrisania,0.6305329719963866,698,1107,10452,63.05
Bronx,2020-04-07,Central Bronx,0.6147403685092128,734,1194,10453,61.47
Bronx,2020-04-07,Hunts Point and Mott Haven,0.5884413309982487,336,571,10454,58.84
Bronx,2020-04-07,Hunts Point and Mott Haven,0.5582191780821918,326,584,10455,55.82
Bronx,2020-04-07,High Bridge and Morrisania,0.5913806863527534,741,1253,10456,59.14
Bronx,2020-04-07,Central Bronx,0.6064030131826742,644,1062,10457,60.64
Bronx,2020-04-07,Bronx Park and Fordham,0.566427289048474,631,1114,10458,56.64
Bronx,2020-04-07,Hunts Point and Mott Haven,0.5759162303664922,440,764,10459,57.59
Bronx,2020-04-07,Central Bronx,0.5619735258724429,467,831,10460,56.2
Bronx,2020-04-07,Southeast Bronx,0.5469011725293133,653,1194,10461,54.69
Bronx,2020-04-07,Southeast Bronx,0.55155010814708,765,1387,10462,55.16
Bronx,2020-04-07,Kingsbridge and Riverdale,0.4462809917355372,486,1089,10463,44.63
Bronx,2020-04-07,Southeast Bronx,0.40186915887850466,43,107,10464,40.19
Bronx,2020-04-07,Southeast Bronx,0.48892825509300264,552,1129,10465,48.89
Bronx,2020-04-07,Northeast Bronx,0.5826086956521739,737,1265,10466,58.26
Bronx,2020-04-07,Bronx Park and Fordham,0.588053553038105,1142,1942,10467,58.81
Bronx,2020-04-07,Bronx Park and Fordham,0.651618398637138,765,1174,10468,65.16
Bronx,2020-04-07,Northeast Bronx,0.6041802743305029,925,1531,10469,60.42
Bronx,2020-04-07,Northeast Bronx,0.5454545454545454,156,286,10470,54.55
Bronx,2020-04-07,Kingsbridge and Riverdale,0.4159090909090909,183,440,10471,41.59
Bronx,2020-04-07,Southeast Bronx,0.6285097192224622,582,926,10472,62.85
Bronx,2020-04-07,Southeast Bronx,0.5794732061762035,638,1101,10473,57.95
Bronx,2020-04-07,Hunts Point and Mott Haven,0.6178343949044586,97,157,10474,61.78
Bronx,2020-04-07,Northeast Bronx,0.5862457722660653,520,887,10475,58.62
Queens,2020-04-07,Southeast Queens,0.7029520295202952,381,542,11429,70.3
Queens,2020-04-07,Southeast Queens,0.6512261580381471,239,367,11004,65.12
Queens,2020-04-07,Northwest Queens,0.49615384615384617,258,520,11101,49.62
Queens,2020-04-07,Northwest Queens,0.5297029702970297,214,404,11102,52.97
Queens,2020-04-07,Northwest Queens,0.5428571428571428,190,350,11103,54.29
Queens,2020-04-07,Northwest Queens,0.577922077922078,178,308,11104,57.79
Queens,2020-04-07,Northwest Queens,0.493368700265252,186,377,11105,49.34
Queens,2020-04-07,Northwest Queens,0.5120350109409191,234,457,11106,51.2
Brooklyn,2020-04-07,Northwest Brooklyn,0.40714285714285714,285,700,11201,40.71
Brooklyn,2020-04-07,Flatbush,0.6312684365781711,642,1017,11203,63.13
Brooklyn,2020-04-07,Borough Park,0.6236263736263736,908,1456,11204,62.36
Brooklyn,2020-04-07,Northwest Brooklyn,0.5456110154905336,317,581,11205,54.56
Brooklyn,2020-04-07,Bushwick and Williamsburg,0.5671957671957671,536,945,11206,56.72
Brooklyn,2020-04-07,East New York and New Lots,0.6053357865685373,658,1087,11207,60.53
Brooklyn,2020-04-07,East New York and New Lots,0.6481818181818182,713,1100,11208,64.82
Brooklyn,2020-04-07,Southwest Brooklyn,0.49410377358490565,419,848,11209,49.41
Brooklyn,2020-04-07,Flatbush,0.6121883656509696,663,1083,11210,61.22
Brooklyn,2020-04-07,Greenpoint,0.636241610738255,948,1490,11211,63.62
Brooklyn,2020-04-07,Central Brooklyn,0.6347826086956522,584,920,11212,63.48
Brooklyn,2020-04-07,Central Brooklyn,0.6137724550898204,615,1002,11213,61.38
Brooklyn,2020-04-07,Southwest Brooklyn,0.5284030010718114,493,933,11214,52.84
Brooklyn,2020-04-07,Northwest Brooklyn,0.4281098546042003,265,619,11215,42.81
Brooklyn,2020-04-07,Central Brooklyn,0.5295238095238095,278,525,11216,52.95
Brooklyn,2020-04-07,Northwest Brooklyn,0.5100671140939598,228,447,11217,51.01
Brooklyn,2020-04-07,Borough Park,0.5927487352445194,703,1186,11218,59.27
Brooklyn,2020-04-07,Borough Park,0.6886792452830188,1314,1908,11219,68.87
Brooklyn,2020-04-07,Sunset Park,0.6226203807390818,556,893,11220,62.26
Brooklyn,2020-04-07,Bushwick and Williamsburg,0.5930680359435173,462,779,11221,59.31
Brooklyn,2020-04-07,Greenpoint,0.45153061224489793,177,392,11222,45.15
Brooklyn,2020-04-07,Southern Brooklyn,0.552772808586762,618,1118,11223,55.28
Brooklyn,2020-04-07,Southern Brooklyn,0.5543071161048689,296,534,11224,55.43
Brooklyn,2020-04-07,Flatbush,0.6284916201117319,450,716,11225,62.85
Brooklyn,2020-04-07,Flatbush,0.6191860465116279,639,1032,11226,61.92
Brooklyn,2020-04-07,Southwest Brooklyn,0.5439429928741093,229,421,11228,54.39
Brooklyn,2020-04-07,Southern Brooklyn,0.5365622032288699,565,1053,11229,53.66
Brooklyn,2020-04-07,Borough Park,0.6311377245508982,1054,1670,11230,63.11
Brooklyn,2020-04-07,Northwest Brooklyn,0.4847715736040609,191,394,11231,48.48
Brooklyn,2020-04-07,Sunset Park,0.6348684210526315,193,304,11232,63.49
Brooklyn,2020-04-07,Central Brooklyn,0.5962373371924746,412,691,11233,59.62
Brooklyn,2020-04-07,Canarsie and Flatlands,0.5897435897435898,759,1287,11234,58.97
Brooklyn,2020-04-07,Southern Brooklyn,0.5292529252925292,588,1111,11235,52.93
Brooklyn,2020-04-07,Canarsie and Flatlands,0.6329941860465116,871,1376,11236,63.3
Brooklyn,2020-04-07,Bushwick and Williamsburg,0.6597938144329897,320,485,11237,65.98
Brooklyn,2020-04-07,Central Brooklyn,0.5548281505728314,339,611,11238,55.48
Brooklyn,2020-04-07,Canarsie and Flatlands,0.6441947565543071,172,267,11239,64.42
Queens,2020-04-07,North Queens,0.5666666666666667,323,570,11357,56.67
Queens,2020-04-07,North Queens,0.6309341500765697,412,653,11355,63.09
Queens,2020-04-07,North Queens,0.5846456692913385,297,508,11354,58.46
Queens,2020-04-07,North Queens,0.5423280423280423,205,378,11356,54.23
Queens,2020-04-07,North Queens,0.5036855036855037,205,407,11358,50.37
Queens,2020-04-07,North Queens,0.44528301886792454,118,265,11360,44.53
Queens,2020-04-07,Northeast Queens,0.559748427672956,178,318,11361,55.97
Queens,2020-04-07,Northeast Queens,0.48249027237354086,124,257,11362,48.25
Queens,2020-04-07,Northeast Queens,0.45614035087719296,52,114,11363,45.61
Queens,2020-04-07,Northeast Queens,0.5444444444444444,196,360,11364,54.44
Queens,2020-04-07,Central Queens,0.5619389587073609,313,557,11365,56.19
Queens,2020-04-07,Central Queens,0.6242038216560509,196,314,11366,62.42
Queens,2020-04-07,Central Queens,0.625,485,776,11367,62.5
Queens,2020-04-07,West Queens,0.7781425891181989,1659,2132,11368,77.81
Queens,2020-04-07,West Queens,0.7478474784747847,608,813,11369,74.78
Queens,2020-04-07,West Queens,0.581267217630854,633,1089,11370,58.13
Queens,2020-04-07,West Queens,0.722397476340694,916,1268,11372,72.24
Queens,2020-04-07,West Queens,0.6867107636800962,1142,1663,11373,68.67
Queens,2020-04-07,West Central Queens,0.5970319634703196,523,876,11374,59.7
Queens,2020-04-07,West Central Queens,0.5474613686534217,744,1359,11375,54.75
Queens,2020-04-07,West Queens,0.6450482033304119,736,1141,11377,64.5
Queens,2020-04-07,West Queens,0.5680345572354212,263,463,11378,56.8
Queens,2020-04-07,West Central Queens,0.5503472222222222,317,576,11379,55.03
Queens,2020-04-07,West Central Queens,0.5850495804729214,767,1311,11385,58.5
Queens,2020-04-07,Southeast Queens,0.7287735849056604,309,424,11411,72.88
Queens,2020-04-07,Jamaica,0.6449934980494149,496,769,11412,64.5
Queens,2020-04-07,Southeast Queens,0.6478527607361964,528,815,11413,64.79
Queens,2020-04-07,Southwest Queens,0.5992970123022847,341,569,11414,59.93
Queens,2020-04-07,Southwest Queens,0.5938303341902313,231,389,11415,59.38
Queens,2020-04-07,Southwest Queens,0.6508379888268156,233,358,11416,65.08
Queens,2020-04-07,Southwest Queens,0.6274900398406374,315,502,11417,62.75
Queens,2020-04-07,Southwest Queens,0.6266233766233766,386,616,11418,62.66
Queens,2020-04-07,Southwest Queens,0.6276422764227643,386,615,11419,62.76
Queens,2020-04-07,Southwest Queens,0.6150845253576073,473,769,11420,61.51
Queens,2020-04-07,Southwest Queens,0.6572847682119205,397,604,11421,65.73
Queens,2020-04-07,Southeast Queens,0.6395705521472392,417,652,11422,63.96
Queens,2020-04-07,Jamaica,0.6575342465753424,336,511,11423,65.75
Queens,2020-04-07,Southeast Queens,0.5587467362924282,214,383,11426,55.87
Queens,2020-04-07,Southeast Queens,0.610586011342155,323,529,11427,61.06
Queens,2020-04-07,Southeast Queens,0.6788732394366197,241,355,11428,67.89
Queens,2020-04-07,Jamaica,0.6602282704126426,752,1139,11434,66.02
Queens,2020-04-07,Jamaica,0.6476399560922064,590,911,11432,64.76
Queens,2020-04-07,Jamaica,0.6403326403326404,308,481,11433,64.03
Queens,2020-04-07,Jamaica,0.5997818974918212,550,917,11435,59.98
Queens,2020-04-07,Jamaica,0.6642857142857143,186,280,11436,66.43
Queens,2020-04-07,Rockaways,0.6704730831973899,822,1226,11691,67.05
Queens,2020-04-07,Rockaways,0.6445783132530121,214,332,11692,64.46
Queens,2020-04-07,Rockaways,0.6074380165289256,147,242,11693,60.74
Queens,2020-04-07,Rockaways,0.5842450765864332,267,457,11694,58.42
Queens,2020-04-07,Rockaways,0.4731182795698925,44,93,11697,47.31
